team_abbreviation_away,team_abbreviation_home,wl_home,game_date,home_conf,away_conf,winning_conference
DET,MIN,W,2020-12-23T00:00:00Z,W,E,W
NOP,TOR,L,2020-12-23T00:00:00Z,E,W,W
NOP,MIA,W,2020-12-25T00:00:00Z,E,W,E
GSW,MIL,W,2020-12-25T00:00:00Z,E,W,E
ATL,MEM,L,2020-12-26T00:00:00Z,W,E,E
TOR,SAS,W,2020-12-26T00:00:00Z,W,E,W
OKC,CHA,L,2020-12-26T00:00:00Z,E,W,W
GSW,CHI,L,2020-12-27T00:00:00Z,E,W,W
MEM,BKN,L,2020-12-28T00:00:00Z,E,W,W
GSW,DET,L,2020-12-29T00:00:00Z,E,W,W
ORL,OKC,L,2020-12-29T00:00:00Z,W,E,E
MEM,BOS,W,2020-12-30T00:00:00Z,E,W,E
CHA,DAL,L,2020-12-30T00:00:00Z,W,E,E
WAS,MIN,L,2021-01-01T00:00:00Z,W,E,E
MIA,DAL,W,2021-01-01T00:00:00Z,W,E,W
MEM,CHA,L,2021-01-01T00:00:00Z,E,W,W
TOR,NOP,W,2021-01-02T00:00:00Z,W,E,W
OKC,ORL,L,2021-01-02T00:00:00Z,E,W,W
DAL,CHI,W,2021-01-03T00:00:00Z,E,W,E
IND,NOP,L,2021-01-04T00:00:00Z,W,E,E
OKC,MIA,W,2021-01-04T00:00:00Z,E,W,E
CHI,POR,L,2021-01-05T00:00:00Z,W,E,E
UTA,BKN,W,2021-01-05T00:00:00Z,E,W,E
CHI,SAC,W,2021-01-06T00:00:00Z,W,E,W
HOU,IND,W,2021-01-06T00:00:00Z,E,W,E
TOR,PHX,W,2021-01-06T00:00:00Z,W,E,W
UTA,NYK,W,2021-01-06T00:00:00Z,E,W,E
CLE,MEM,L,2021-01-07T00:00:00Z,W,E,E
PHX,DET,W,2021-01-08T00:00:00Z,E,W,E
TOR,SAC,L,2021-01-08T00:00:00Z,W,E,E
UTA,MIL,L,2021-01-08T00:00:00Z,E,W,W
ORL,HOU,W,2021-01-08T00:00:00Z,W,E,W
CHI,LAL,W,2021-01-08T00:00:00Z,W,E,W
BKN,MEM,W,2021-01-08T00:00:00Z,W,E,W
OKC,NYK,L,2021-01-08T00:00:00Z,E,W,W
CHA,NOP,L,2021-01-08T00:00:00Z,W,E,E
PHX,IND,L,2021-01-09T00:00:00Z,E,W,W
ORL,DAL,W,2021-01-09T00:00:00Z,W,E,W
DEN,PHI,L,2021-01-09T00:00:00Z,E,W,W
CHI,LAC,W,2021-01-10T00:00:00Z,W,E,W
UTA,DET,L,2021-01-10T00:00:00Z,E,W,W
TOR,GSW,W,2021-01-10T00:00:00Z,W,E,W
DEN,NYK,L,2021-01-10T00:00:00Z,E,W,W
OKC,BKN,L,2021-01-10T00:00:00Z,E,W,W
MEM,CLE,L,2021-01-11T00:00:00Z,E,W,W
IND,SAC,W,2021-01-11T00:00:00Z,W,E,W
PHX,WAS,W,2021-01-11T00:00:00Z,E,W,E
TOR,POR,W,2021-01-11T00:00:00Z,W,E,W
UTA,CLE,L,2021-01-12T00:00:00Z,E,W,W
IND,GSW,L,2021-01-12T00:00:00Z,W,E,E
DEN,BKN,W,2021-01-12T00:00:00Z,E,W,E
DAL,CHA,L,2021-01-13T00:00:00Z,E,W,W
IND,POR,L,2021-01-14T00:00:00Z,W,E,E
DAL,MIL,W,2021-01-15T00:00:00Z,E,W,E
ATL,UTA,W,2021-01-15T00:00:00Z,W,E,W
CHI,OKC,W,2021-01-15T00:00:00Z,W,E,W
ATL,POR,W,2021-01-16T00:00:00Z,W,E,W
PHI,MEM,W,2021-01-16T00:00:00Z,W,E,W
CHI,DAL,L,2021-01-17T00:00:00Z,W,E,E
IND,LAC,W,2021-01-17T00:00:00Z,W,E,W
MIN,ATL,W,2021-01-18T00:00:00Z,E,W,E
DAL,TOR,W,2021-01-18T00:00:00Z,E,W,E
HOU,CHI,W,2021-01-18T00:00:00Z,E,W,E
DAL,IND,L,2021-01-20T00:00:00Z,E,W,W
ORL,MIN,L,2021-01-20T00:00:00Z,W,E,E
LAL,MIL,L,2021-01-21T00:00:00Z,E,W,W
NYK,GSW,L,2021-01-21T00:00:00Z,W,E,E
NYK,SAC,W,2021-01-22T00:00:00Z,W,E,W
HOU,DET,L,2021-01-22T00:00:00Z,E,W,W
ATL,MIN,L,2021-01-22T00:00:00Z,W,E,E
LAL,CHI,L,2021-01-23T00:00:00Z,E,W,W
NYK,POR,W,2021-01-24T00:00:00Z,W,E,W
WAS,SAS,W,2021-01-24T00:00:00Z,W,E,W
LAL,CLE,L,2021-01-25T00:00:00Z,E,W,W
LAC,ATL,W,2021-01-26T00:00:00Z,E,W,E
NYK,UTA,W,2021-01-26T00:00:00Z,W,E,W
WAS,HOU,W,2021-01-26T00:00:00Z,W,E,W
LAL,PHI,W,2021-01-27T00:00:00Z,E,W,E
SAC,ORL,L,2021-01-27T00:00:00Z,E,W,W
DEN,MIA,L,2021-01-27T00:00:00Z,E,W,W
WAS,NOP,W,2021-01-27T00:00:00Z,W,E,W
BOS,SAS,W,2021-01-27T00:00:00Z,W,E,W
LAL,DET,W,2021-01-28T00:00:00Z,E,W,E
LAC,MIA,L,2021-01-28T00:00:00Z,E,W,W
BKN,OKC,L,2021-01-29T00:00:00Z,W,E,E
LAC,ORL,L,2021-01-29T00:00:00Z,E,W,W
SAC,TOR,L,2021-01-29T00:00:00Z,E,W,W
PHI,MIN,L,2021-01-29T00:00:00Z,W,E,E
MIL,NOP,W,2021-01-29T00:00:00Z,W,E,W
DET,GSW,W,2021-01-30T00:00:00Z,W,E,W
LAL,BOS,L,2021-01-30T00:00:00Z,E,W,W
SAC,MIA,W,2021-01-30T00:00:00Z,E,W,E
POR,CHI,L,2021-01-30T00:00:00Z,E,W,W
CLE,MIN,W,2021-01-31T00:00:00Z,W,E,W
LAC,NYK,L,2021-01-31T00:00:00Z,E,W,W
MIN,CLE,W,2021-02-01T00:00:00Z,E,W,E
POR,MIL,W,2021-02-01T00:00:00Z,E,W,E
LAL,ATL,L,2021-02-01T00:00:00Z,E,W,W
LAC,BKN,W,2021-02-02T00:00:00Z,E,W,E
DET,UTA,W,2021-02-02T00:00:00Z,W,E,W
MEM,IND,W,2021-02-02T00:00:00Z,E,W,E
BOS,GSW,L,2021-02-02T00:00:00Z,W,E,E
POR,WAS,L,2021-02-02T00:00:00Z,E,W,W
BOS,SAC,W,2021-02-03T00:00:00Z,W,E,W
LAC,CLE,L,2021-02-03T00:00:00Z,E,W,W
DAL,ATL,L,2021-02-03T00:00:00Z,E,W,W
UTA,ATL,L,2021-02-04T00:00:00Z,E,W,W
POR,PHI,L,2021-02-04T00:00:00Z,E,W,W
NOP,IND,L,2021-02-05T00:00:00Z,E,W,W
UTA,CHA,L,2021-02-05T00:00:00Z,E,W,W
DET,PHX,W,2021-02-05T00:00:00Z,W,E,W
BOS,LAC,L,2021-02-05T00:00:00Z,W,E,E
DET,LAL,W,2021-02-06T00:00:00Z,W,E,W
POR,NYK,W,2021-02-06T00:00:00Z,E,W,E
UTA,IND,L,2021-02-07T00:00:00Z,E,W,W
BOS,PHX,W,2021-02-07T00:00:00Z,W,E,W
MIL,DEN,L,2021-02-08T00:00:00Z,W,E,E
CLE,PHX,W,2021-02-08T00:00:00Z,W,E,W
HOU,CHA,W,2021-02-08T00:00:00Z,E,W,E
TOR,MEM,L,2021-02-08T00:00:00Z,W,E,E
PHI,SAC,L,2021-02-09T00:00:00Z,W,E,E
BOS,UTA,W,2021-02-09T00:00:00Z,W,E,W
ORL,POR,W,2021-02-09T00:00:00Z,W,E,W
ATL,DAL,W,2021-02-10T00:00:00Z,W,E,W
CHA,MEM,W,2021-02-10T00:00:00Z,W,E,W
NOP,CHI,W,2021-02-10T00:00:00Z,E,W,E
CLE,DEN,W,2021-02-10T00:00:00Z,W,E,W
MIL,PHX,W,2021-02-10T00:00:00Z,W,E,W
ORL,GSW,W,2021-02-11T00:00:00Z,W,E,W
MIA,HOU,L,2021-02-11T00:00:00Z,W,E,E
PHI,POR,W,2021-02-11T00:00:00Z,W,E,W
MIN,CHA,W,2021-02-12T00:00:00Z,E,W,E
MIL,UTA,W,2021-02-12T00:00:00Z,W,E,W
ORL,SAC,L,2021-02-12T00:00:00Z,W,E,E
LAC,CHI,L,2021-02-12T00:00:00Z,E,W,W
SAS,ATL,L,2021-02-12T00:00:00Z,E,W,W
CLE,POR,W,2021-02-12T00:00:00Z,W,E,W
BKN,GSW,L,2021-02-13T00:00:00Z,W,E,E
MIA,UTA,W,2021-02-13T00:00:00Z,W,E,W
HOU,NYK,W,2021-02-13T00:00:00Z,E,W,E
PHI,PHX,W,2021-02-13T00:00:00Z,W,E,W
ORL,PHX,W,2021-02-14T00:00:00Z,W,E,W
SAS,CHA,L,2021-02-14T00:00:00Z,E,W,W
NOP,DET,W,2021-02-14T00:00:00Z,E,W,E
MIN,TOR,L,2021-02-14T00:00:00Z,E,W,W
MIL,OKC,W,2021-02-14T00:00:00Z,W,E,W
CLE,LAC,W,2021-02-14T00:00:00Z,W,E,W
BKN,SAC,L,2021-02-15T00:00:00Z,W,E,E
HOU,WAS,W,2021-02-15T00:00:00Z,E,W,E
CLE,GSW,W,2021-02-15T00:00:00Z,W,E,W
PHI,UTA,W,2021-02-15T00:00:00Z,W,E,W
MIA,LAC,W,2021-02-15T00:00:00Z,W,E,W
DEN,BOS,W,2021-02-16T00:00:00Z,E,W,E
BKN,PHX,L,2021-02-16T00:00:00Z,W,E,E
IND,MIN,L,2021-02-17T00:00:00Z,W,E,E
MIA,GSW,W,2021-02-17T00:00:00Z,W,E,W
DEN,WAS,W,2021-02-17T00:00:00Z,E,W,E
HOU,PHI,W,2021-02-17T00:00:00Z,E,W,E
MIA,SAC,L,2021-02-18T00:00:00Z,W,E,E
BKN,LAL,L,2021-02-18T00:00:00Z,W,E,E
DET,MEM,W,2021-02-19T00:00:00Z,W,E,W
DEN,CLE,L,2021-02-19T00:00:00Z,E,W,W
GSW,ORL,W,2021-02-19T00:00:00Z,E,W,E
OKC,MIL,W,2021-02-19T00:00:00Z,E,W,E
TOR,MIN,L,2021-02-19T00:00:00Z,W,E,E
SAC,CHI,W,2021-02-20T00:00:00Z,E,W,E
WAS,POR,L,2021-02-20T00:00:00Z,W,E,E
MIA,LAL,L,2021-02-20T00:00:00Z,W,E,E
GSW,CHA,W,2021-02-20T00:00:00Z,E,W,E
MIN,NYK,W,2021-02-21T00:00:00Z,E,W,E
SAC,MIL,W,2021-02-21T00:00:00Z,E,W,E
OKC,CLE,L,2021-02-21T00:00:00Z,E,W,W
BOS,NOP,W,2021-02-21T00:00:00Z,W,E,W
BKN,LAC,L,2021-02-21T00:00:00Z,W,E,E
DEN,ATL,W,2021-02-21T00:00:00Z,E,W,E
CHI,HOU,L,2021-02-22T00:00:00Z,W,E,E
WAS,LAL,L,2021-02-22T00:00:00Z,W,E,E
CHA,UTA,W,2021-02-22T00:00:00Z,W,E,W
MIA,OKC,L,2021-02-22T00:00:00Z,W,E,E
SAC,BKN,W,2021-02-23T00:00:00Z,E,W,E
WAS,LAC,W,2021-02-23T00:00:00Z,W,E,W
MIN,MIL,W,2021-02-23T00:00:00Z,E,W,E
GSW,NYK,L,2021-02-23T00:00:00Z,E,W,W
BOS,DAL,W,2021-02-23T00:00:00Z,W,E,W
CHA,PHX,L,2021-02-24T00:00:00Z,W,E,E
MIN,CHI,W,2021-02-24T00:00:00Z,E,W,E
GSW,IND,L,2021-02-24T00:00:00Z,E,W,W
DET,NOP,W,2021-02-24T00:00:00Z,W,E,W
HOU,CLE,W,2021-02-24T00:00:00Z,E,W,E
DAL,PHI,W,2021-02-25T00:00:00Z,E,W,E
WAS,DEN,L,2021-02-25T00:00:00Z,W,E,E
SAC,NYK,W,2021-02-25T00:00:00Z,E,W,E
NOP,MIL,W,2021-02-25T00:00:00Z,E,W,E
SAC,DET,L,2021-02-26T00:00:00Z,E,W,W
UTA,MIA,W,2021-02-26T00:00:00Z,E,W,E
ATL,OKC,W,2021-02-26T00:00:00Z,W,E,W
HOU,TOR,W,2021-02-26T00:00:00Z,E,W,E
PHX,CHI,L,2021-02-26T00:00:00Z,E,W,W
CHA,GSW,W,2021-02-26T00:00:00Z,W,E,W
UTA,ORL,L,2021-02-27T00:00:00Z,E,W,W
MIN,WAS,W,2021-02-27T00:00:00Z,E,W,E
DAL,BKN,L,2021-02-27T00:00:00Z,E,W,W
CHA,SAC,L,2021-02-28T00:00:00Z,W,E,E
LAC,MIL,W,2021-02-28T00:00:00Z,E,W,E
BKN,SAS,L,2021-03-01T00:00:00Z,W,E,E
CLE,HOU,L,2021-03-01T00:00:00Z,W,E,E
DEN,CHI,L,2021-03-01T00:00:00Z,E,W,W
CHA,POR,W,2021-03-01T00:00:00Z,W,E,W
DAL,ORL,L,2021-03-01T00:00:00Z,E,W,W
NYK,SAS,W,2021-03-02T00:00:00Z,W,E,W
MEM,WAS,L,2021-03-02T00:00:00Z,E,W,W
LAC,BOS,W,2021-03-02T00:00:00Z,E,W,E
DEN,MIL,L,2021-03-02T00:00:00Z,E,W,W
UTA,PHI,W,2021-03-03T00:00:00Z,E,W,E
BKN,HOU,L,2021-03-03T00:00:00Z,W,E,E
CHI,NOP,L,2021-03-03T00:00:00Z,W,E,E
CHA,MIN,L,2021-03-03T00:00:00Z,W,E,E
MIL,MEM,L,2021-03-04T00:00:00Z,W,E,E
LAC,WAS,W,2021-03-04T00:00:00Z,E,W,E
DEN,IND,L,2021-03-04T00:00:00Z,E,W,W
MIA,NOP,L,2021-03-04T00:00:00Z,W,E,E
WAS,MEM,W,2021-03-10T00:00:00Z,W,E,W
ORL,SAS,W,2021-03-12T00:00:00Z,W,E,W
CLE,NOP,W,2021-03-12T00:00:00Z,W,E,W
IND,LAL,W,2021-03-12T00:00:00Z,W,E,W
IND,PHX,L,2021-03-13T00:00:00Z,W,E,E
NYK,OKC,L,2021-03-13T00:00:00Z,W,E,E
SAC,ATL,W,2021-03-13T00:00:00Z,E,W,E
SAS,PHI,W,2021-03-14T00:00:00Z,E,W,E
BOS,HOU,L,2021-03-14T00:00:00Z,W,E,E
SAS,DET,L,2021-03-15T00:00:00Z,E,W,W
IND,DEN,W,2021-03-15T00:00:00Z,W,E,W
SAC,CHA,W,2021-03-15T00:00:00Z,E,W,E
ATL,HOU,L,2021-03-16T00:00:00Z,W,E,E
UTA,BOS,L,2021-03-16T00:00:00Z,E,W,W
OKC,CHI,W,2021-03-16T00:00:00Z,E,W,E
SAC,WAS,L,2021-03-17T00:00:00Z,E,W,W
MIA,MEM,W,2021-03-17T00:00:00Z,W,E,W
CHA,DEN,W,2021-03-17T00:00:00Z,W,E,W
SAS,CHI,L,2021-03-17T00:00:00Z,E,W,W
OKC,ATL,W,2021-03-18T00:00:00Z,E,W,E
CHA,LAL,W,2021-03-18T00:00:00Z,W,E,W
UTA,WAS,W,2021-03-18T00:00:00Z,E,W,E
DET,HOU,L,2021-03-19T00:00:00Z,W,E,E
CHI,DEN,W,2021-03-19T00:00:00Z,W,E,W
SAC,BOS,L,2021-03-19T00:00:00Z,E,W,W
SAS,CLE,L,2021-03-19T00:00:00Z,E,W,W
UTA,TOR,L,2021-03-19T00:00:00Z,E,W,W
SAS,MIL,W,2021-03-20T00:00:00Z,E,W,E
ATL,LAL,L,2021-03-20T00:00:00Z,W,E,E
CHA,LAC,W,2021-03-20T00:00:00Z,W,E,W
SAC,PHI,W,2021-03-20T00:00:00Z,E,W,E
CHA,SAS,L,2021-03-22T00:00:00Z,W,E,E
ATL,LAC,W,2021-03-22T00:00:00Z,W,E,W
SAC,CLE,L,2021-03-22T00:00:00Z,E,W,W
UTA,CHI,L,2021-03-22T00:00:00Z,E,W,W
BOS,MEM,W,2021-03-22T00:00:00Z,W,E,W
TOR,HOU,W,2021-03-22T00:00:00Z,W,E,W
PHX,MIA,L,2021-03-23T00:00:00Z,E,W,W
BKN,POR,L,2021-03-23T00:00:00Z,W,E,E
PHI,GSW,L,2021-03-23T00:00:00Z,W,E,E
DEN,ORL,L,2021-03-23T00:00:00Z,E,W,W
PHX,ORL,W,2021-03-24T00:00:00Z,E,W,E
ATL,SAC,W,2021-03-24T00:00:00Z,W,E,W
DEN,TOR,W,2021-03-24T00:00:00Z,E,W,E
BKN,UTA,W,2021-03-24T00:00:00Z,W,E,W
CHA,HOU,L,2021-03-24T00:00:00Z,W,E,E
PHI,LAL,L,2021-03-25T00:00:00Z,W,E,E
POR,MIA,L,2021-03-25T00:00:00Z,E,W,W
POR,ORL,L,2021-03-26T00:00:00Z,E,W,W
PHX,TOR,L,2021-03-26T00:00:00Z,E,W,W
IND,DAL,L,2021-03-26T00:00:00Z,W,E,E
ATL,GSW,L,2021-03-26T00:00:00Z,W,E,E
CLE,LAL,W,2021-03-26T00:00:00Z,W,E,W
CLE,SAC,W,2021-03-27T00:00:00Z,W,E,W
PHI,LAC,W,2021-03-27T00:00:00Z,W,E,W
CHI,SAS,W,2021-03-27T00:00:00Z,W,E,W
BOS,OKC,L,2021-03-27T00:00:00Z,W,E,E
POR,TOR,L,2021-03-28T00:00:00Z,E,W,W
PHX,CHA,L,2021-03-28T00:00:00Z,E,W,W
ATL,DEN,W,2021-03-28T00:00:00Z,W,E,W
ORL,LAL,W,2021-03-28T00:00:00Z,W,E,W
MIN,BKN,W,2021-03-29T00:00:00Z,E,W,E
CHI,GSW,W,2021-03-29T00:00:00Z,W,E,W
NOP,BOS,L,2021-03-29T00:00:00Z,E,W,W
MIL,LAC,W,2021-03-29T00:00:00Z,W,E,W
CLE,UTA,W,2021-03-29T00:00:00Z,W,E,W
ATL,PHX,W,2021-03-30T00:00:00Z,W,E,W
PHI,DEN,W,2021-03-30T00:00:00Z,W,E,W
ORL,LAC,L,2021-03-30T00:00:00Z,W,E,E
CHI,PHX,W,2021-03-31T00:00:00Z,W,E,W
TOR,OKC,W,2021-03-31T00:00:00Z,W,E,W
NYK,MIN,W,2021-03-31T00:00:00Z,W,E,W
MIL,LAL,L,2021-03-31T00:00:00Z,W,E,E
POR,DET,L,2021-03-31T00:00:00Z,E,W,W
DAL,BOS,L,2021-03-31T00:00:00Z,E,W,W
HOU,BKN,W,2021-03-31T00:00:00Z,E,W,E
ATL,SAS,L,2021-04-01T00:00:00Z,W,E,E
GSW,MIA,W,2021-04-01T00:00:00Z,E,W,E
ORL,NOP,L,2021-04-01T00:00:00Z,W,E,E
ATL,NOP,L,2021-04-02T00:00:00Z,W,E,E
GSW,TOR,W,2021-04-02T00:00:00Z,E,W,E
MIL,POR,L,2021-04-02T00:00:00Z,W,E,E
HOU,BOS,W,2021-04-02T00:00:00Z,E,W,E
CHI,UTA,W,2021-04-02T00:00:00Z,W,E,W
DAL,NYK,L,2021-04-02T00:00:00Z,E,W,W
DAL,WAS,L,2021-04-03T00:00:00Z,E,W,W
MIL,SAC,L,2021-04-03T00:00:00Z,W,E,E
IND,SAS,L,2021-04-03T00:00:00Z,W,E,E
ORL,UTA,W,2021-04-03T00:00:00Z,W,E,W
MIN,PHI,W,2021-04-03T00:00:00Z,E,W,E
GSW,ATL,W,2021-04-04T00:00:00Z,E,W,E
MEM,PHI,L,2021-04-04T00:00:00Z,E,W,W
ORL,DEN,W,2021-04-04T00:00:00Z,W,E,W
DET,OKC,L,2021-04-05T00:00:00Z,W,E,E
CLE,SAS,L,2021-04-05T00:00:00Z,W,E,E
MEM,MIA,L,2021-04-06T00:00:00Z,E,W,W
LAL,TOR,L,2021-04-06T00:00:00Z,E,W,W
DET,DEN,W,2021-04-06T00:00:00Z,W,E,W
NOP,ATL,W,2021-04-06T00:00:00Z,E,W,E
MIL,GSW,W,2021-04-06T00:00:00Z,W,E,W
MEM,ATL,L,2021-04-07T00:00:00Z,E,W,W
MIN,IND,W,2021-04-07T00:00:00Z,E,W,E
CHA,OKC,L,2021-04-07T00:00:00Z,W,E,E
NOP,BKN,W,2021-04-07T00:00:00Z,E,W,E
LAL,MIA,W,2021-04-08T00:00:00Z,E,W,E
DET,SAC,L,2021-04-08T00:00:00Z,W,E,E
MIL,DAL,W,2021-04-08T00:00:00Z,W,E,W
CLE,OKC,L,2021-04-08T00:00:00Z,W,E,E
MIN,BOS,W,2021-04-09T00:00:00Z,E,W,E
PHI,NOP,W,2021-04-09T00:00:00Z,W,E,W
WAS,GSW,L,2021-04-09T00:00:00Z,W,E,E
MEM,NYK,W,2021-04-09T00:00:00Z,E,W,E
WAS,PHX,W,2021-04-10T00:00:00Z,W,E,W
LAL,BKN,L,2021-04-10T00:00:00Z,E,W,W
DET,POR,W,2021-04-10T00:00:00Z,W,E,W
PHI,OKC,L,2021-04-10T00:00:00Z,W,E,E
MIA,POR,L,2021-04-11T00:00:00Z,W,E,E
CHI,MIN,W,2021-04-11T00:00:00Z,W,E,W
IND,MEM,L,2021-04-11T00:00:00Z,W,E,E
DET,LAC,W,2021-04-11T00:00:00Z,W,E,W
BOS,DEN,L,2021-04-11T00:00:00Z,W,E,E
NOP,CLE,L,2021-04-11T00:00:00Z,E,W,W
CHI,MEM,W,2021-04-12T00:00:00Z,W,E,W
PHI,DAL,L,2021-04-12T00:00:00Z,W,E,E
SAS,ORL,L,2021-04-12T00:00:00Z,E,W,W
WAS,UTA,L,2021-04-12T00:00:00Z,W,E,E
LAL,NYK,W,2021-04-12T00:00:00Z,E,W,E
BOS,POR,L,2021-04-13T00:00:00Z,W,E,E
MIA,PHX,W,2021-04-13T00:00:00Z,W,E,W
BKN,MIN,L,2021-04-13T00:00:00Z,W,E,E
LAL,CHA,L,2021-04-13T00:00:00Z,E,W,W
LAC,IND,L,2021-04-13T00:00:00Z,E,W,W
LAC,DET,L,2021-04-14T00:00:00Z,E,W,W
SAS,TOR,W,2021-04-14T00:00:00Z,E,W,E
IND,HOU,L,2021-04-14T00:00:00Z,W,E,E
MIL,MIN,L,2021-04-14T00:00:00Z,W,E,E
WAS,SAC,L,2021-04-14T00:00:00Z,W,E,E
NYK,NOP,L,2021-04-14T00:00:00Z,W,E,E
MIA,DEN,W,2021-04-14T00:00:00Z,W,E,W
GSW,CLE,L,2021-04-15T00:00:00Z,E,W,W
BOS,LAL,L,2021-04-15T00:00:00Z,W,E,E
NYK,DAL,L,2021-04-16T00:00:00Z,W,E,E
LAC,PHI,W,2021-04-16T00:00:00Z,E,W,E
NOP,WAS,W,2021-04-16T00:00:00Z,E,W,E
OKC,DET,W,2021-04-16T00:00:00Z,E,W,E
MIA,MIN,W,2021-04-16T00:00:00Z,W,E,W
MEM,CHI,L,2021-04-16T00:00:00Z,E,W,W
IND,UTA,W,2021-04-16T00:00:00Z,W,E,W
GSW,BOS,W,2021-04-17T00:00:00Z,E,W,E
MEM,MIL,L,2021-04-17T00:00:00Z,E,W,W
NOP,NYK,W,2021-04-18T00:00:00Z,E,W,E
POR,CHA,W,2021-04-18T00:00:00Z,E,W,E
HOU,ORL,L,2021-04-18T00:00:00Z,E,W,W
OKC,TOR,W,2021-04-18T00:00:00Z,E,W,E
GSW,PHI,L,2021-04-19T00:00:00Z,E,W,W
PHX,MIL,L,2021-04-19T00:00:00Z,E,W,W
SAS,IND,L,2021-04-19T00:00:00Z,E,W,W
OKC,WAS,W,2021-04-19T00:00:00Z,E,W,E
HOU,MIA,W,2021-04-19T00:00:00Z,E,W,E
BKN,NOP,L,2021-04-20T00:00:00Z,W,E,E
MIA,SAS,L,2021-04-21T00:00:00Z,W,E,E
DET,DAL,W,2021-04-21T00:00:00Z,W,E,W
GSW,WAS,W,2021-04-21T00:00:00Z,E,W,E
PHX,PHI,L,2021-04-21T00:00:00Z,E,W,W
OKC,IND,W,2021-04-21T00:00:00Z,E,W,E
PHX,BOS,W,2021-04-22T00:00:00Z,E,W,E
DET,SAS,W,2021-04-22T00:00:00Z,W,E,W
NOP,ORL,L,2021-04-22T00:00:00Z,E,W,W
WAS,OKC,L,2021-04-23T00:00:00Z,W,E,E
PHX,BKN,W,2021-04-25T00:00:00Z,E,W,E
OKC,PHI,W,2021-04-26T00:00:00Z,E,W,E
LAL,ORL,L,2021-04-26T00:00:00Z,E,W,W
PHX,NYK,L,2021-04-26T00:00:00Z,E,W,W
SAS,WAS,L,2021-04-26T00:00:00Z,E,W,W
POR,IND,L,2021-04-27T00:00:00Z,E,W,W
OKC,BOS,L,2021-04-27T00:00:00Z,E,W,W
SAS,MIA,W,2021-04-28T00:00:00Z,E,W,E
LAL,WAS,W,2021-04-28T00:00:00Z,E,W,E
TOR,DEN,W,2021-04-29T00:00:00Z,W,E,W
DAL,DET,L,2021-04-29T00:00:00Z,E,W,W
MIL,HOU,W,2021-04-29T00:00:00Z,W,E,W
POR,BKN,L,2021-04-30T00:00:00Z,E,W,W
ORL,MEM,W,2021-04-30T00:00:00Z,W,E,W
SAS,BOS,W,2021-04-30T00:00:00Z,E,W,E
WAS,DAL,W,2021-05-01T00:00:00Z,W,E,W
MEM,ORL,W,2021-05-01T00:00:00Z,E,W,E
TOR,UTA,W,2021-05-01T00:00:00Z,W,E,W
IND,OKC,L,2021-05-01T00:00:00Z,W,E,E
TOR,LAL,L,2021-05-02T00:00:00Z,W,E,E
PHI,SAS,L,2021-05-02T00:00:00Z,W,E,E
NYK,HOU,L,2021-05-02T00:00:00Z,W,E,E
POR,BOS,L,2021-05-02T00:00:00Z,E,W,W
POR,ATL,W,2021-05-03T00:00:00Z,E,W,E
NYK,MEM,L,2021-05-03T00:00:00Z,W,E,E
DAL,MIA,L,2021-05-04T00:00:00Z,E,W,W
PHX,CLE,L,2021-05-04T00:00:00Z,E,W,W
TOR,LAC,W,2021-05-04T00:00:00Z,W,E,W
NYK,DEN,W,2021-05-05T00:00:00Z,W,E,W
PHI,HOU,L,2021-05-05T00:00:00Z,W,E,E
POR,CLE,L,2021-05-05T00:00:00Z,E,W,W
SAC,IND,L,2021-05-05T00:00:00Z,E,W,W
PHX,ATL,W,2021-05-05T00:00:00Z,E,W,E
MEM,DET,W,2021-05-06T00:00:00Z,E,W,E
BKN,DAL,W,2021-05-06T00:00:00Z,W,E,W
CLE,DAL,W,2021-05-07T00:00:00Z,W,E,W
MIN,MIA,W,2021-05-07T00:00:00Z,E,W,E
HOU,MIL,W,2021-05-07T00:00:00Z,E,W,E
NOP,PHI,W,2021-05-07T00:00:00Z,E,W,E
NYK,PHX,W,2021-05-07T00:00:00Z,W,E,W
BKN,DEN,L,2021-05-08T00:00:00Z,W,E,E
MEM,TOR,L,2021-05-08T00:00:00Z,E,W,W
MIN,ORL,L,2021-05-09T00:00:00Z,E,W,W
NOP,CHA,L,2021-05-09T00:00:00Z,E,W,W
DAL,CLE,L,2021-05-09T00:00:00Z,E,W,W
NYK,LAC,L,2021-05-09T00:00:00Z,W,E,E
MIL,SAS,W,2021-05-10T00:00:00Z,W,E,W
MIN,DET,L,2021-05-11T00:00:00Z,E,W,W
NYK,LAL,W,2021-05-11T00:00:00Z,W,E,W
DEN,CHA,L,2021-05-11T00:00:00Z,E,W,W
LAC,TOR,L,2021-05-11T00:00:00Z,E,W,W
SAS,BKN,W,2021-05-12T00:00:00Z,E,W,E
SAS,NYK,W,2021-05-13T00:00:00Z,E,W,E
LAC,CHA,L,2021-05-13T00:00:00Z,E,W,W
DEN,DET,L,2021-05-14T00:00:00Z,E,W,W
TOR,DAL,W,2021-05-14T00:00:00Z,W,E,W
BOS,MIN,L,2021-05-15T00:00:00Z,W,E,E
LAL,IND,L,2021-05-15T00:00:00Z,E,W,W
HOU,ATL,W,2021-05-16T00:00:00Z,E,W,E
CLE,MEM,W,2021-10-20T00:00:00Z,W,E,W
ORL,SAS,W,2021-10-20T00:00:00Z,W,E,W
PHI,NOP,L,2021-10-20T00:00:00Z,W,E,E
DAL,ATL,W,2021-10-21T00:00:00Z,E,W,E
NOP,CHI,W,2021-10-22T00:00:00Z,E,W,E
MIL,SAS,L,2021-10-23T00:00:00Z,W,E,E
DAL,TOR,L,2021-10-23T00:00:00Z,E,W,W
PHI,OKC,L,2021-10-24T00:00:00Z,W,E,E
BOS,HOU,L,2021-10-24T00:00:00Z,W,E,E
CLE,DEN,L,2021-10-25T00:00:00Z,W,E,E
CLE,LAC,L,2021-10-27T00:00:00Z,W,E,E
MIN,MIL,L,2021-10-27T00:00:00Z,E,W,W
ATL,NOP,L,2021-10-27T00:00:00Z,W,E,E
CLE,LAL,W,2021-10-29T00:00:00Z,W,E,W
CLE,PHX,W,2021-10-30T00:00:00Z,W,E,W
UTA,CHI,W,2021-10-30T00:00:00Z,E,W,E
SAS,MIL,L,2021-10-30T00:00:00Z,E,W,W
MIA,MEM,L,2021-10-30T00:00:00Z,W,E,E
NYK,NOP,L,2021-10-30T00:00:00Z,W,E,E
UTA,MIL,L,2021-10-31T00:00:00Z,E,W,W
POR,CHA,W,2021-10-31T00:00:00Z,E,W,E
POR,PHI,W,2021-11-01T00:00:00Z,E,W,E
SAS,IND,W,2021-11-01T00:00:00Z,E,W,E
ORL,MIN,L,2021-11-01T00:00:00Z,W,E,E
MIA,DAL,L,2021-11-02T00:00:00Z,W,E,E
CHA,GSW,W,2021-11-03T00:00:00Z,W,E,W
POR,CLE,W,2021-11-03T00:00:00Z,E,W,E
UTA,ATL,L,2021-11-04T00:00:00Z,E,W,W
SAS,ORL,L,2021-11-05T00:00:00Z,E,W,W
CHA,SAC,W,2021-11-05T00:00:00Z,W,E,W
MEM,WAS,W,2021-11-05T00:00:00Z,E,W,E
IND,POR,W,2021-11-05T00:00:00Z,W,E,W
ATL,PHX,W,2021-11-06T00:00:00Z,W,E,W
BOS,DAL,W,2021-11-06T00:00:00Z,W,E,W
UTA,MIA,W,2021-11-06T00:00:00Z,E,W,E
UTA,ORL,W,2021-11-07T00:00:00Z,E,W,E
CHA,LAC,W,2021-11-07T00:00:00Z,W,E,W
IND,SAC,L,2021-11-07T00:00:00Z,W,E,E
ATL,GSW,W,2021-11-08T00:00:00Z,W,E,W
CHA,LAL,W,2021-11-08T00:00:00Z,W,E,W
MIA,DEN,W,2021-11-08T00:00:00Z,W,E,W
ATL,UTA,W,2021-11-09T00:00:00Z,W,E,W
IND,DEN,W,2021-11-10T00:00:00Z,W,E,W
CHA,MEM,L,2021-11-10T00:00:00Z,W,E,E
MIA,LAL,W,2021-11-10T00:00:00Z,W,E,W
DAL,CHI,W,2021-11-10T00:00:00Z,E,W,E
DET,HOU,L,2021-11-10T00:00:00Z,W,E,E
IND,UTA,L,2021-11-11T00:00:00Z,W,E,E
MIA,LAC,W,2021-11-11T00:00:00Z,W,E,W
ATL,DEN,W,2021-11-12T00:00:00Z,W,E,W
CHI,GSW,W,2021-11-12T00:00:00Z,W,E,W
BKN,NOP,L,2021-11-12T00:00:00Z,W,E,E
MIA,UTA,L,2021-11-13T00:00:00Z,W,E,E
CHI,LAC,L,2021-11-14T00:00:00Z,W,E,E
BKN,OKC,L,2021-11-14T00:00:00Z,W,E,E
GSW,CHA,W,2021-11-14T00:00:00Z,E,W,E
NOP,WAS,W,2021-11-15T00:00:00Z,E,W,E
SAC,DET,L,2021-11-15T00:00:00Z,E,W,W
MIA,OKC,L,2021-11-15T00:00:00Z,W,E,E
TOR,POR,W,2021-11-15T00:00:00Z,W,E,W
CHI,LAL,L,2021-11-15T00:00:00Z,W,E,E
GSW,BKN,L,2021-11-16T00:00:00Z,E,W,W
PHI,UTA,W,2021-11-16T00:00:00Z,W,E,W
LAL,MIL,W,2021-11-17T00:00:00Z,E,W,E
CHI,POR,W,2021-11-17T00:00:00Z,W,E,W
NOP,MIA,W,2021-11-17T00:00:00Z,E,W,E
GSW,CLE,L,2021-11-18T00:00:00Z,E,W,W
PHI,DEN,L,2021-11-18T00:00:00Z,W,E,E
TOR,UTA,W,2021-11-18T00:00:00Z,W,E,W
OKC,MIL,W,2021-11-19T00:00:00Z,E,W,E
GSW,DET,L,2021-11-19T00:00:00Z,E,W,W
TOR,SAC,L,2021-11-19T00:00:00Z,W,E,E
LAL,BOS,W,2021-11-19T00:00:00Z,E,W,E
CHI,DEN,L,2021-11-19T00:00:00Z,W,E,E
OKC,BOS,W,2021-11-20T00:00:00Z,E,W,E
NOP,IND,W,2021-11-20T00:00:00Z,E,W,E
HOU,NYK,W,2021-11-20T00:00:00Z,E,W,E
PHI,POR,W,2021-11-20T00:00:00Z,W,E,W
LAL,DET,L,2021-11-21T00:00:00Z,E,W,W
TOR,GSW,W,2021-11-21T00:00:00Z,W,E,W
HOU,BOS,W,2021-11-22T00:00:00Z,E,W,E
PHI,SAC,L,2021-11-22T00:00:00Z,W,E,E
OKC,ATL,W,2021-11-22T00:00:00Z,E,W,E
LAL,NYK,W,2021-11-23T00:00:00Z,E,W,E
PHI,GSW,W,2021-11-24T00:00:00Z,W,E,W
PHX,CLE,L,2021-11-24T00:00:00Z,E,W,W
ATL,SAS,L,2021-11-24T00:00:00Z,W,E,E
TOR,MEM,L,2021-11-24T00:00:00Z,W,E,E
CHI,HOU,W,2021-11-24T00:00:00Z,W,E,W
WAS,NOP,W,2021-11-24T00:00:00Z,W,E,W
MIA,MIN,W,2021-11-24T00:00:00Z,W,E,W
LAL,IND,L,2021-11-24T00:00:00Z,E,W,W
MIL,DEN,L,2021-11-26T00:00:00Z,W,E,E
MIN,CHA,W,2021-11-26T00:00:00Z,E,W,E
WAS,OKC,L,2021-11-26T00:00:00Z,W,E,E
PHX,NYK,L,2021-11-26T00:00:00Z,E,W,W
BOS,SAS,W,2021-11-26T00:00:00Z,W,E,W
DET,LAC,W,2021-11-26T00:00:00Z,W,E,W
ATL,MEM,L,2021-11-26T00:00:00Z,W,E,E
WAS,DAL,L,2021-11-27T00:00:00Z,W,E,E
CHA,HOU,W,2021-11-27T00:00:00Z,W,E,W
MIN,PHI,L,2021-11-27T00:00:00Z,E,W,W
PHX,BKN,L,2021-11-27T00:00:00Z,E,W,W
DET,LAL,W,2021-11-28T00:00:00Z,W,E,W
DEN,MIA,L,2021-11-29T00:00:00Z,E,W,W
CLE,DAL,L,2021-11-29T00:00:00Z,W,E,E
WAS,SAS,W,2021-11-29T00:00:00Z,W,E,W
IND,MIN,W,2021-11-29T00:00:00Z,W,E,W
DET,POR,W,2021-11-30T00:00:00Z,W,E,W
MEM,TOR,L,2021-11-30T00:00:00Z,E,W,W
DEN,ORL,W,2021-12-01T00:00:00Z,E,W,E
MIN,WAS,W,2021-12-01T00:00:00Z,E,W,E
DET,PHX,W,2021-12-02T00:00:00Z,W,E,W
BOS,UTA,W,2021-12-03T00:00:00Z,W,E,W
MIN,BKN,W,2021-12-03T00:00:00Z,E,W,E
ORL,HOU,W,2021-12-03T00:00:00Z,W,E,W
DEN,NYK,L,2021-12-04T00:00:00Z,E,W,W
BOS,POR,L,2021-12-04T00:00:00Z,W,E,E
UTA,CLE,L,2021-12-05T00:00:00Z,E,W,W
MEM,MIA,L,2021-12-06T00:00:00Z,E,W,W
ATL,MIN,L,2021-12-06T00:00:00Z,W,E,E
OKC,DET,L,2021-12-06T00:00:00Z,E,W,W
DEN,CHI,W,2021-12-06T00:00:00Z,E,W,E
ORL,GSW,W,2021-12-06T00:00:00Z,W,E,W
BOS,LAL,W,2021-12-07T00:00:00Z,W,E,W
NYK,SAS,L,2021-12-07T00:00:00Z,W,E,E
BKN,DAL,L,2021-12-07T00:00:00Z,W,E,E
BKN,HOU,W,2021-12-08T00:00:00Z,W,E,W
OKC,TOR,L,2021-12-08T00:00:00Z,E,W,W
ORL,SAC,W,2021-12-08T00:00:00Z,W,E,W
BOS,LAC,W,2021-12-08T00:00:00Z,W,E,W
UTA,PHI,L,2021-12-09T00:00:00Z,E,W,W
MIL,HOU,L,2021-12-10T00:00:00Z,W,E,E
SAC,CHA,W,2021-12-10T00:00:00Z,E,W,E
DET,NOP,W,2021-12-10T00:00:00Z,W,E,W
BOS,PHX,W,2021-12-10T00:00:00Z,W,E,W
DAL,IND,W,2021-12-10T00:00:00Z,E,W,E
CLE,MIN,L,2021-12-10T00:00:00Z,W,E,E
ORL,LAC,W,2021-12-11T00:00:00Z,W,E,W
SAC,CLE,W,2021-12-11T00:00:00Z,E,W,E
UTA,WAS,L,2021-12-11T00:00:00Z,E,W,W
GSW,PHI,W,2021-12-11T00:00:00Z,E,W,E
ORL,LAL,W,2021-12-12T00:00:00Z,W,E,W
SAC,TOR,W,2021-12-13T00:00:00Z,E,W,E
HOU,ATL,L,2021-12-13T00:00:00Z,E,W,W
CHA,DAL,W,2021-12-13T00:00:00Z,W,E,W
PHI,MEM,W,2021-12-13T00:00:00Z,W,E,W
WAS,DEN,W,2021-12-13T00:00:00Z,W,E,W
GSW,IND,L,2021-12-13T00:00:00Z,E,W,W
GSW,NYK,L,2021-12-14T00:00:00Z,E,W,W
CHA,SAS,L,2021-12-15T00:00:00Z,W,E,E
WAS,SAC,W,2021-12-15T00:00:00Z,W,E,W
HOU,CLE,W,2021-12-15T00:00:00Z,E,W,E
NYK,HOU,L,2021-12-16T00:00:00Z,W,E,E
WAS,PHX,W,2021-12-16T00:00:00Z,W,E,W
CHA,POR,W,2021-12-17T00:00:00Z,W,E,W
MIL,NOP,W,2021-12-17T00:00:00Z,W,E,W
DEN,ATL,L,2021-12-17T00:00:00Z,E,W,W
GSW,BOS,L,2021-12-17T00:00:00Z,E,W,W
HOU,DET,L,2021-12-18T00:00:00Z,E,W,W
WAS,UTA,L,2021-12-18T00:00:00Z,W,E,E
GSW,TOR,W,2021-12-18T00:00:00Z,E,W,E
LAL,CHI,W,2021-12-19T00:00:00Z,E,W,E
CHA,PHX,W,2021-12-19T00:00:00Z,W,E,W
HOU,CHI,W,2021-12-20T00:00:00Z,E,W,E
CHA,UTA,W,2021-12-20T00:00:00Z,W,E,W
HOU,MIL,W,2021-12-22T00:00:00Z,E,W,E
CHA,DEN,L,2021-12-23T00:00:00Z,W,E,E
HOU,IND,W,2021-12-23T00:00:00Z,E,W,E
NOP,ORL,L,2021-12-23T00:00:00Z,E,W,W
MIL,DAL,L,2021-12-23T00:00:00Z,W,E,E
BKN,LAL,L,2021-12-25T00:00:00Z,W,E,E
DET,SAS,W,2021-12-26T00:00:00Z,W,E,W
HOU,CHA,W,2021-12-27T00:00:00Z,E,W,E
BKN,LAC,L,2021-12-27T00:00:00Z,W,E,E
BOS,MIN,W,2021-12-27T00:00:00Z,W,E,W
NYK,MIN,L,2021-12-28T00:00:00Z,W,E,E
CLE,NOP,W,2021-12-28T00:00:00Z,W,E,W
LAC,BOS,L,2021-12-29T00:00:00Z,E,W,W
MIA,HOU,L,2021-12-31T00:00:00Z,W,E,E
LAC,TOR,W,2021-12-31T00:00:00Z,E,W,E
NYK,OKC,W,2021-12-31T00:00:00Z,W,E,W
PHX,BOS,W,2021-12-31T00:00:00Z,E,W,E
NOP,MIL,W,2022-01-01T00:00:00Z,E,W,E
SAS,DET,W,2022-01-01T00:00:00Z,E,W,E
LAC,BKN,L,2022-01-01T00:00:00Z,E,W,W
PHX,CHA,L,2022-01-02T00:00:00Z,E,W,W
MIA,SAC,W,2022-01-02T00:00:00Z,W,E,W
HOU,PHI,W,2022-01-03T00:00:00Z,E,W,E
MEM,BKN,L,2022-01-03T00:00:00Z,E,W,W
ATL,POR,W,2022-01-03T00:00:00Z,W,E,W
MIA,GSW,W,2022-01-03T00:00:00Z,W,E,W
SAS,TOR,W,2022-01-04T00:00:00Z,E,W,E
MEM,CLE,L,2022-01-04T00:00:00Z,E,W,W
SAS,BOS,L,2022-01-05T00:00:00Z,E,W,W
ATL,SAC,L,2022-01-05T00:00:00Z,W,E,E
MIA,POR,L,2022-01-05T00:00:00Z,W,E,E
HOU,WAS,L,2022-01-05T00:00:00Z,E,W,W
DET,MEM,W,2022-01-06T00:00:00Z,W,E,W
ATL,LAL,W,2022-01-07T00:00:00Z,W,E,W
SAS,PHI,W,2022-01-07T00:00:00Z,E,W,E
CLE,POR,L,2022-01-07T00:00:00Z,W,E,E
UTA,TOR,W,2022-01-07T00:00:00Z,E,W,E
MIA,PHX,L,2022-01-08T00:00:00Z,W,E,E
UTA,IND,W,2022-01-08T00:00:00Z,E,W,E
NOP,TOR,W,2022-01-09T00:00:00Z,E,W,E
ATL,LAC,W,2022-01-09T00:00:00Z,W,E,W
CLE,GSW,W,2022-01-09T00:00:00Z,W,E,W
CHI,DAL,W,2022-01-09T00:00:00Z,W,E,W
SAS,BKN,W,2022-01-09T00:00:00Z,E,W,E
CLE,SAC,L,2022-01-10T00:00:00Z,W,E,E
BKN,POR,W,2022-01-10T00:00:00Z,W,E,W
SAS,NYK,W,2022-01-10T00:00:00Z,E,W,E
PHI,HOU,L,2022-01-10T00:00:00Z,W,E,E
UTA,DET,W,2022-01-10T00:00:00Z,E,W,E
PHX,TOR,L,2022-01-11T00:00:00Z,E,W,W
OKC,WAS,W,2022-01-11T00:00:00Z,E,W,E
DAL,NYK,W,2022-01-12T00:00:00Z,E,W,E
CLE,UTA,L,2022-01-12T00:00:00Z,W,E,E
GSW,MIL,W,2022-01-13T00:00:00Z,E,W,E
OKC,BKN,L,2022-01-13T00:00:00Z,E,W,W
CLE,SAS,L,2022-01-14T00:00:00Z,W,E,E
GSW,CHI,L,2022-01-14T00:00:00Z,E,W,W
PHX,IND,L,2022-01-14T00:00:00Z,E,W,W
POR,WAS,L,2022-01-15T00:00:00Z,E,W,W
NOP,BKN,W,2022-01-15T00:00:00Z,E,W,E
CLE,OKC,L,2022-01-15T00:00:00Z,W,E,E
ORL,DAL,W,2022-01-15T00:00:00Z,W,E,W
PHX,DET,L,2022-01-16T00:00:00Z,E,W,W
CHI,MEM,W,2022-01-17T00:00:00Z,W,E,W
IND,LAC,W,2022-01-17T00:00:00Z,W,E,W
NOP,BOS,W,2022-01-17T00:00:00Z,E,W,E
POR,ORL,L,2022-01-17T00:00:00Z,E,W,W
MIN,NYK,L,2022-01-18T00:00:00Z,E,W,W
DET,GSW,W,2022-01-18T00:00:00Z,W,E,W
POR,MIA,W,2022-01-19T00:00:00Z,E,W,E
IND,LAL,L,2022-01-19T00:00:00Z,W,E,E
DET,SAC,L,2022-01-19T00:00:00Z,W,E,E
TOR,DAL,W,2022-01-19T00:00:00Z,W,E,W
MEM,MIL,W,2022-01-19T00:00:00Z,E,W,E
MIN,ATL,W,2022-01-19T00:00:00Z,E,W,E
NOP,NYK,L,2022-01-20T00:00:00Z,E,W,W
IND,GSW,L,2022-01-20T00:00:00Z,W,E,E
DET,UTA,W,2022-01-21T00:00:00Z,W,E,W
LAC,PHI,L,2022-01-21T00:00:00Z,E,W,W
LAL,ORL,L,2022-01-21T00:00:00Z,E,W,W
POR,BOS,L,2022-01-21T00:00:00Z,E,W,W
OKC,CHA,W,2022-01-21T00:00:00Z,E,W,E
BKN,SAS,L,2022-01-21T00:00:00Z,W,E,E
OKC,CLE,W,2022-01-22T00:00:00Z,E,W,E
IND,PHX,W,2022-01-22T00:00:00Z,W,E,W
SAC,MIL,W,2022-01-22T00:00:00Z,E,W,E
PHI,SAS,L,2022-01-23T00:00:00Z,W,E,E
LAL,MIA,W,2022-01-23T00:00:00Z,E,W,E
POR,TOR,L,2022-01-23T00:00:00Z,E,W,W
DET,DEN,W,2022-01-23T00:00:00Z,W,E,W
LAC,NYK,W,2022-01-23T00:00:00Z,E,W,E
BKN,MIN,W,2022-01-23T00:00:00Z,W,E,W
IND,NOP,W,2022-01-24T00:00:00Z,W,E,W
CHI,OKC,L,2022-01-24T00:00:00Z,W,E,E
LAL,BKN,L,2022-01-25T00:00:00Z,E,W,W
NOP,PHI,W,2022-01-25T00:00:00Z,E,W,E
LAC,WAS,L,2022-01-25T00:00:00Z,E,W,W
SAC,BOS,W,2022-01-25T00:00:00Z,E,W,E
DEN,DET,L,2022-01-25T00:00:00Z,E,W,W
SAC,ATL,W,2022-01-26T00:00:00Z,E,W,E
DEN,BKN,L,2022-01-26T00:00:00Z,E,W,W
LAC,ORL,L,2022-01-26T00:00:00Z,E,W,W
LAL,PHI,W,2022-01-27T00:00:00Z,E,W,E
IND,OKC,L,2022-01-28T00:00:00Z,W,E,E
LAL,CHA,W,2022-01-28T00:00:00Z,E,W,E
LAC,MIA,W,2022-01-28T00:00:00Z,E,W,E
CHI,SAS,W,2022-01-28T00:00:00Z,W,E,W
SAC,PHI,W,2022-01-29T00:00:00Z,E,W,E
WAS,MEM,W,2022-01-29T00:00:00Z,W,E,W
IND,DAL,W,2022-01-29T00:00:00Z,W,E,W
BOS,NOP,L,2022-01-29T00:00:00Z,W,E,E
BKN,GSW,W,2022-01-29T00:00:00Z,W,E,W
POR,CHI,W,2022-01-30T00:00:00Z,E,W,E
LAL,ATL,W,2022-01-30T00:00:00Z,E,W,E
LAC,CHA,L,2022-01-30T00:00:00Z,E,W,W
DEN,MIL,L,2022-01-30T00:00:00Z,E,W,W
DAL,ORL,W,2022-01-30T00:00:00Z,E,W,E
NOP,CLE,W,2022-01-31T00:00:00Z,E,W,E
LAC,IND,W,2022-01-31T00:00:00Z,E,W,E
MEM,PHI,W,2022-01-31T00:00:00Z,E,W,E
SAC,NYK,W,2022-01-31T00:00:00Z,E,W,E
NOP,DET,L,2022-02-01T00:00:00Z,E,W,W
BKN,PHX,W,2022-02-01T00:00:00Z,W,E,W
MEM,NYK,L,2022-02-02T00:00:00Z,E,W,W
CLE,HOU,W,2022-02-02T00:00:00Z,W,E,W
BKN,SAC,W,2022-02-02T00:00:00Z,W,E,W
PHX,ATL,W,2022-02-03T00:00:00Z,E,W,E
MIA,SAS,L,2022-02-03T00:00:00Z,W,E,E
MIN,DET,L,2022-02-03T00:00:00Z,E,W,W
BKN,UTA,W,2022-02-04T00:00:00Z,W,E,W
PHI,DAL,W,2022-02-04T00:00:00Z,W,E,W
PHX,WAS,L,2022-02-05T00:00:00Z,E,W,W
MEM,ORL,L,2022-02-05T00:00:00Z,E,W,W
MIL,POR,L,2022-02-05T00:00:00Z,W,E,E
NYK,LAL,W,2022-02-05T00:00:00Z,W,E,W
DET,MIN,W,2022-02-06T00:00:00Z,W,E,W
ATL,DAL,W,2022-02-06T00:00:00Z,W,E,W
MIL,LAC,L,2022-02-06T00:00:00Z,W,E,E
BKN,DEN,W,2022-02-06T00:00:00Z,W,E,W
NYK,UTA,W,2022-02-07T00:00:00Z,W,E,W
PHX,CHI,L,2022-02-07T00:00:00Z,E,W,W
ORL,POR,L,2022-02-08T00:00:00Z,W,E,E
PHX,PHI,L,2022-02-08T00:00:00Z,E,W,W
MIL,LAL,L,2022-02-08T00:00:00Z,W,E,E
DET,DAL,W,2022-02-08T00:00:00Z,W,E,W
NYK,DEN,W,2022-02-08T00:00:00Z,W,E,W
TOR,OKC,L,2022-02-09T00:00:00Z,W,E,E
SAS,CLE,W,2022-02-09T00:00:00Z,E,W,E
MIA,NOP,L,2022-02-10T00:00:00Z,W,E,E
TOR,HOU,L,2022-02-10T00:00:00Z,W,E,E
MEM,DET,L,2022-02-10T00:00:00Z,E,W,W
NYK,GSW,L,2022-02-10T00:00:00Z,W,E,E
MIL,PHX,W,2022-02-10T00:00:00Z,W,E,W
ORL,UTA,W,2022-02-11T00:00:00Z,W,E,W
MIN,CHI,W,2022-02-11T00:00:00Z,E,W,E
DEN,BOS,W,2022-02-11T00:00:00Z,E,W,E
SAS,ATL,L,2022-02-11T00:00:00Z,E,W,W
OKC,PHI,W,2022-02-11T00:00:00Z,E,W,E
OKC,CHI,W,2022-02-12T00:00:00Z,E,W,E
ORL,PHX,W,2022-02-12T00:00:00Z,W,E,W
NYK,POR,W,2022-02-12T00:00:00Z,W,E,W
DEN,TOR,L,2022-02-12T00:00:00Z,E,W,W
MEM,CHA,L,2022-02-12T00:00:00Z,E,W,W
SAC,WAS,L,2022-02-12T00:00:00Z,E,W,W
MIN,IND,L,2022-02-13T00:00:00Z,E,W,W
ORL,DEN,W,2022-02-14T00:00:00Z,W,E,W
SAS,CHI,W,2022-02-14T00:00:00Z,E,W,E
TOR,NOP,W,2022-02-14T00:00:00Z,W,E,W
POR,MIL,L,2022-02-14T00:00:00Z,E,W,W
SAC,BKN,W,2022-02-14T00:00:00Z,E,W,E
OKC,NYK,L,2022-02-14T00:00:00Z,E,W,W
CHA,MIN,W,2022-02-15T00:00:00Z,W,E,W
DAL,MIA,L,2022-02-15T00:00:00Z,E,W,W
SAC,CHI,W,2022-02-16T00:00:00Z,E,W,E
TOR,MIN,L,2022-02-16T00:00:00Z,W,E,E
HOU,ORL,W,2022-02-25T00:00:00Z,E,W,E
SAS,WAS,L,2022-02-25T00:00:00Z,E,W,W
PHI,MIN,L,2022-02-25T00:00:00Z,W,E,E
OKC,IND,L,2022-02-25T00:00:00Z,E,W,W
SAS,MIA,W,2022-02-26T00:00:00Z,E,W,E
MEM,CHI,L,2022-02-26T00:00:00Z,E,W,W
MIN,CLE,L,2022-02-28T00:00:00Z,E,W,W
MEM,BOS,W,2022-03-03T00:00:00Z,E,W,E
NYK,PHX,W,2022-03-04T00:00:00Z,W,E,W
SAS,CHA,W,2022-03-05T00:00:00Z,E,W,E
ORL,MEM,W,2022-03-05T00:00:00Z,W,E,W
NYK,LAC,L,2022-03-06T00:00:00Z,W,E,E
PHX,MIL,W,2022-03-06T00:00:00Z,E,W,E
HOU,MIA,W,2022-03-07T00:00:00Z,E,W,E
NYK,SAC,L,2022-03-07T00:00:00Z,W,E,E
PHX,ORL,L,2022-03-08T00:00:00Z,E,W,W
MIL,OKC,L,2022-03-08T00:00:00Z,W,E,E
WAS,LAC,W,2022-03-09T00:00:00Z,W,E,W
ORL,NOP,L,2022-03-09T00:00:00Z,W,E,E
TOR,SAS,L,2022-03-09T00:00:00Z,W,E,E
PHX,MIA,L,2022-03-09T00:00:00Z,E,W,W
NYK,DAL,L,2022-03-09T00:00:00Z,W,E,E
NYK,MEM,W,2022-03-11T00:00:00Z,W,E,W
TOR,PHX,L,2022-03-11T00:00:00Z,W,E,E
CHA,NOP,L,2022-03-11T00:00:00Z,W,E,E
MIN,ORL,W,2022-03-11T00:00:00Z,E,W,E
WAS,LAL,W,2022-03-11T00:00:00Z,W,E,W
LAC,ATL,W,2022-03-11T00:00:00Z,E,W,E
TOR,DEN,L,2022-03-12T00:00:00Z,W,E,E
WAS,POR,W,2022-03-12T00:00:00Z,W,E,W
MIL,GSW,W,2022-03-12T00:00:00Z,W,E,W
MIN,MIA,L,2022-03-12T00:00:00Z,E,W,W
IND,SAS,L,2022-03-12T00:00:00Z,W,E,E
LAC,DET,L,2022-03-13T00:00:00Z,E,W,W
DAL,BOS,L,2022-03-13T00:00:00Z,E,W,W
POR,ATL,W,2022-03-14T00:00:00Z,E,W,E
DEN,PHI,L,2022-03-14T00:00:00Z,E,W,W
TOR,LAL,L,2022-03-14T00:00:00Z,W,E,E
CHA,OKC,L,2022-03-14T00:00:00Z,W,E,E
MIL,UTA,L,2022-03-14T00:00:00Z,W,E,E
CHI,SAC,W,2022-03-14T00:00:00Z,W,E,W
LAC,CLE,W,2022-03-14T00:00:00Z,E,W,E
WAS,GSW,W,2022-03-14T00:00:00Z,W,E,W
MEM,IND,L,2022-03-15T00:00:00Z,E,W,W
DEN,WAS,L,2022-03-16T00:00:00Z,E,W,W
POR,NYK,W,2022-03-16T00:00:00Z,E,W,E
MIL,SAC,L,2022-03-16T00:00:00Z,W,E,E
DAL,BKN,L,2022-03-16T00:00:00Z,E,W,W
TOR,LAC,L,2022-03-16T00:00:00Z,W,E,E
CHI,UTA,W,2022-03-16T00:00:00Z,W,E,W
BOS,GSW,L,2022-03-16T00:00:00Z,W,E,E
MEM,ATL,W,2022-03-18T00:00:00Z,E,W,E
POR,BKN,W,2022-03-18T00:00:00Z,E,W,E
DAL,PHI,W,2022-03-18T00:00:00Z,E,W,E
LAL,TOR,L,2022-03-18T00:00:00Z,E,W,W
OKC,MIA,W,2022-03-18T00:00:00Z,E,W,E
IND,HOU,L,2022-03-18T00:00:00Z,W,E,E
BOS,SAC,L,2022-03-18T00:00:00Z,W,E,E
CHI,PHX,W,2022-03-18T00:00:00Z,W,E,W
DEN,CLE,W,2022-03-18T00:00:00Z,E,W,E
DAL,CHA,W,2022-03-19T00:00:00Z,E,W,E
LAL,WAS,W,2022-03-19T00:00:00Z,E,W,E
MIL,MIN,W,2022-03-19T00:00:00Z,W,E,W
NOP,ATL,L,2022-03-20T00:00:00Z,E,W,W
UTA,NYK,L,2022-03-20T00:00:00Z,E,W,W
OKC,ORL,W,2022-03-20T00:00:00Z,E,W,E
BOS,DEN,L,2022-03-20T00:00:00Z,W,E,E
POR,IND,W,2022-03-20T00:00:00Z,E,W,E
LAL,CLE,L,2022-03-21T00:00:00Z,E,W,W
POR,DET,L,2022-03-21T00:00:00Z,E,W,W
BOS,OKC,L,2022-03-21T00:00:00Z,W,E,E
UTA,BKN,W,2022-03-21T00:00:00Z,E,W,E
WAS,HOU,W,2022-03-21T00:00:00Z,W,E,W
NOP,CHA,W,2022-03-21T00:00:00Z,E,W,E
GSW,ORL,W,2022-03-22T00:00:00Z,E,W,E
ORL,OKC,W,2022-03-23T00:00:00Z,W,E,W
GSW,MIA,L,2022-03-23T00:00:00Z,E,W,W
BKN,MEM,W,2022-03-23T00:00:00Z,W,E,W
UTA,BOS,W,2022-03-23T00:00:00Z,E,W,E
SAC,IND,L,2022-03-23T00:00:00Z,E,W,W
PHI,LAL,L,2022-03-23T00:00:00Z,W,E,E
CHI,NOP,W,2022-03-24T00:00:00Z,W,E,W
IND,MEM,W,2022-03-24T00:00:00Z,W,E,W
GSW,ATL,W,2022-03-25T00:00:00Z,E,W,E
UTA,CHA,W,2022-03-25T00:00:00Z,E,W,E
PHI,LAC,L,2022-03-25T00:00:00Z,W,E,E
MIL,MEM,W,2022-03-26T00:00:00Z,W,E,W
SAC,ORL,L,2022-03-26T00:00:00Z,E,W,W
GSW,WAS,W,2022-03-27T00:00:00Z,E,W,E
MIN,BOS,W,2022-03-27T00:00:00Z,E,W,E
PHI,PHX,W,2022-03-27T00:00:00Z,W,E,W
DEN,CHA,L,2022-03-28T00:00:00Z,E,W,W
SAC,MIA,W,2022-03-28T00:00:00Z,E,W,E
DEN,IND,L,2022-03-30T00:00:00Z,E,W,W
DAL,CLE,L,2022-03-30T00:00:00Z,E,W,W
ATL,OKC,L,2022-03-30T00:00:00Z,W,E,E
MIN,TOR,W,2022-03-30T00:00:00Z,E,W,E
LAC,CHI,W,2022-03-31T00:00:00Z,E,W,E
DET,OKC,L,2022-04-01T00:00:00Z,W,E,E
LAC,MIL,L,2022-04-01T00:00:00Z,E,W,W
DAL,WAS,W,2022-04-01T00:00:00Z,E,W,E
DAL,MIL,L,2022-04-03T00:00:00Z,E,W,W
HOU,BKN,W,2022-04-05T00:00:00Z,E,W,E
WAS,MIN,L,2022-04-05T00:00:00Z,W,E,E
DAL,DET,L,2022-04-06T00:00:00Z,E,W,W
HOU,TOR,W,2022-04-08T00:00:00Z,E,W,E
BOS,MEM,L,2022-04-10T00:00:00Z,W,E,E
CHI,MIN,L,2022-04-10T00:00:00Z,W,E,E
ATL,HOU,L,2022-04-10T00:00:00Z,W,E,E
NOP,BKN,L,2022-10-19T00:00:00Z,E,W,W
CHA,SAS,L,2022-10-19T00:00:00Z,W,E,E
NYK,MEM,W,2022-10-19T00:00:00Z,W,E,W
HOU,ATL,W,2022-10-19T00:00:00Z,E,W,E
SAS,IND,L,2022-10-21T00:00:00Z,E,W,W
NOP,CHA,L,2022-10-21T00:00:00Z,E,W,W
SAS,PHI,L,2022-10-22T00:00:00Z,E,W,W
HOU,MIL,W,2022-10-22T00:00:00Z,E,W,E
BKN,MEM,W,2022-10-24T00:00:00Z,W,E,W
MIA,POR,L,2022-10-26T00:00:00Z,W,E,E
DAL,BKN,L,2022-10-27T00:00:00Z,E,W,W
MIA,GSW,W,2022-10-27T00:00:00Z,W,E,W
CHI,SAS,W,2022-10-28T00:00:00Z,W,E,W
GSW,CHA,W,2022-10-29T00:00:00Z,E,W,E
MIA,SAC,W,2022-10-29T00:00:00Z,W,E,W
GSW,DET,W,2022-10-30T00:00:00Z,E,W,E
ORL,DAL,W,2022-10-30T00:00:00Z,W,E,W
SAC,CHA,L,2022-10-31T00:00:00Z,E,W,W
ORL,OKC,W,2022-11-01T00:00:00Z,W,E,W
GSW,MIA,W,2022-11-01T00:00:00Z,E,W,E
SAC,MIA,W,2022-11-02T00:00:00Z,E,W,E
TOR,SAS,L,2022-11-02T00:00:00Z,W,E,E
GSW,ORL,W,2022-11-03T00:00:00Z,E,W,E
MIL,MIN,L,2022-11-04T00:00:00Z,W,E,E
CHA,MEM,W,2022-11-04T00:00:00Z,W,E,W
TOR,DAL,W,2022-11-04T00:00:00Z,W,E,W
NOP,ATL,W,2022-11-05T00:00:00Z,E,W,E
OKC,MIL,W,2022-11-05T00:00:00Z,E,W,E
SAC,ORL,L,2022-11-05T00:00:00Z,E,W,W
CLE,LAL,L,2022-11-06T00:00:00Z,W,E,E
WAS,MEM,W,2022-11-06T00:00:00Z,W,E,W
BKN,DAL,W,2022-11-07T00:00:00Z,W,E,W
PHX,PHI,W,2022-11-07T00:00:00Z,E,W,E
NYK,MIN,L,2022-11-07T00:00:00Z,W,E,E
POR,MIA,L,2022-11-07T00:00:00Z,E,W,W
NOP,IND,W,2022-11-07T00:00:00Z,E,W,E
HOU,ORL,L,2022-11-07T00:00:00Z,E,W,W
BOS,MEM,L,2022-11-07T00:00:00Z,W,E,E
OKC,DET,W,2022-11-07T00:00:00Z,E,W,E
CLE,LAC,W,2022-11-07T00:00:00Z,W,E,W
UTA,ATL,L,2022-11-09T00:00:00Z,E,W,W
NOP,CHI,L,2022-11-09T00:00:00Z,E,W,W
DAL,ORL,W,2022-11-09T00:00:00Z,E,W,E
CLE,SAC,W,2022-11-09T00:00:00Z,W,E,W
POR,CHA,L,2022-11-09T00:00:00Z,E,W,W
MIL,OKC,L,2022-11-09T00:00:00Z,W,E,E
HOU,TOR,W,2022-11-09T00:00:00Z,E,W,E
DEN,IND,L,2022-11-09T00:00:00Z,E,W,W
DAL,WAS,W,2022-11-10T00:00:00Z,E,W,E
PHX,ORL,W,2022-11-11T00:00:00Z,E,W,E
CLE,GSW,W,2022-11-11T00:00:00Z,W,E,W
DEN,BOS,W,2022-11-11T00:00:00Z,E,W,E
TOR,OKC,W,2022-11-11T00:00:00Z,W,E,W
MIL,SAS,W,2022-11-11T00:00:00Z,W,E,W
UTA,WAS,W,2022-11-12T00:00:00Z,E,W,E
BKN,LAC,L,2022-11-12T00:00:00Z,W,E,E
DEN,CHI,L,2022-11-13T00:00:00Z,E,W,W
MIN,CLE,L,2022-11-13T00:00:00Z,E,W,W
BKN,LAL,W,2022-11-13T00:00:00Z,W,E,W
OKC,NYK,L,2022-11-13T00:00:00Z,E,W,W
UTA,PHI,W,2022-11-13T00:00:00Z,E,W,E
MEM,WAS,W,2022-11-13T00:00:00Z,E,W,E
OKC,BOS,W,2022-11-14T00:00:00Z,E,W,E
PHX,MIA,W,2022-11-14T00:00:00Z,E,W,E
BKN,SAC,W,2022-11-15T00:00:00Z,W,E,W
NYK,UTA,L,2022-11-15T00:00:00Z,W,E,E
OKC,WAS,L,2022-11-16T00:00:00Z,E,W,W
MIN,ORL,L,2022-11-16T00:00:00Z,E,W,W
NYK,DEN,L,2022-11-16T00:00:00Z,W,E,E
CHI,NOP,W,2022-11-16T00:00:00Z,W,E,W
BKN,POR,L,2022-11-17T00:00:00Z,W,E,E
DET,LAC,W,2022-11-17T00:00:00Z,W,E,W
BOS,NOP,L,2022-11-18T00:00:00Z,W,E,E
IND,HOU,L,2022-11-18T00:00:00Z,W,E,E
NYK,GSW,W,2022-11-18T00:00:00Z,W,E,W
DET,LAL,W,2022-11-18T00:00:00Z,W,E,W
MIN,PHI,L,2022-11-19T00:00:00Z,E,W,W
MEM,BKN,W,2022-11-20T00:00:00Z,E,W,E
DET,SAC,W,2022-11-20T00:00:00Z,W,E,W
NYK,PHX,W,2022-11-20T00:00:00Z,W,E,W
MIA,MIN,W,2022-11-21T00:00:00Z,W,E,W
NYK,OKC,L,2022-11-21T00:00:00Z,W,E,E
POR,MIL,W,2022-11-21T00:00:00Z,E,W,E
DET,DEN,L,2022-11-22T00:00:00Z,W,E,E
POR,CLE,W,2022-11-23T00:00:00Z,E,W,E
MIN,IND,L,2022-11-23T00:00:00Z,E,W,W
SAC,ATL,W,2022-11-23T00:00:00Z,E,W,E
DAL,BOS,W,2022-11-23T00:00:00Z,E,W,E
DET,UTA,L,2022-11-23T00:00:00Z,W,E,E
ATL,HOU,W,2022-11-25T00:00:00Z,W,E,W
MIN,CHA,W,2022-11-25T00:00:00Z,E,W,E
POR,NYK,L,2022-11-25T00:00:00Z,E,W,W
SAC,BOS,W,2022-11-25T00:00:00Z,E,W,E
CHI,OKC,W,2022-11-25T00:00:00Z,W,E,W
DET,PHX,W,2022-11-25T00:00:00Z,W,E,W
DAL,TOR,W,2022-11-26T00:00:00Z,E,W,E
DAL,MIL,W,2022-11-27T00:00:00Z,E,W,E
MEM,NYK,L,2022-11-27T00:00:00Z,E,W,W
IND,LAC,W,2022-11-27T00:00:00Z,W,E,W
POR,BKN,W,2022-11-27T00:00:00Z,E,W,E
MIN,WAS,W,2022-11-28T00:00:00Z,E,W,E
CHI,UTA,L,2022-11-28T00:00:00Z,W,E,E
IND,LAL,L,2022-11-28T00:00:00Z,W,E,E
TOR,NOP,W,2022-11-30T00:00:00Z,W,E,W
IND,SAC,W,2022-11-30T00:00:00Z,W,E,W
CHI,PHX,W,2022-11-30T00:00:00Z,W,E,W
DAL,DET,W,2022-12-01T00:00:00Z,E,W,E
IND,UTA,W,2022-12-02T00:00:00Z,W,E,W
PHI,MEM,W,2022-12-02T00:00:00Z,W,E,W
CHI,GSW,W,2022-12-02T00:00:00Z,W,E,W
DEN,ATL,W,2022-12-02T00:00:00Z,E,W,E
LAL,MIL,L,2022-12-02T00:00:00Z,E,W,W
DAL,NYK,L,2022-12-03T00:00:00Z,E,W,W
LAL,WAS,L,2022-12-04T00:00:00Z,E,W,W
MEM,DET,L,2022-12-04T00:00:00Z,E,W,W
IND,POR,W,2022-12-04T00:00:00Z,W,E,W
CHI,SAC,W,2022-12-04T00:00:00Z,W,E,W
LAC,CHA,L,2022-12-05T00:00:00Z,E,W,W
IND,GSW,L,2022-12-05T00:00:00Z,W,E,E
PHI,HOU,W,2022-12-05T00:00:00Z,W,E,W
MIA,MEM,W,2022-12-05T00:00:00Z,W,E,W
OKC,ATL,L,2022-12-05T00:00:00Z,E,W,W
LAL,CLE,W,2022-12-06T00:00:00Z,E,W,E
LAC,ORL,W,2022-12-07T00:00:00Z,E,W,E
LAL,TOR,W,2022-12-07T00:00:00Z,E,W,E
SAC,MIL,W,2022-12-07T00:00:00Z,E,W,E
IND,MIN,W,2022-12-07T00:00:00Z,W,E,W
DET,NOP,W,2022-12-07T00:00:00Z,W,E,W
BOS,PHX,L,2022-12-07T00:00:00Z,W,E,E
LAC,MIA,W,2022-12-08T00:00:00Z,E,W,E
SAC,CLE,L,2022-12-09T00:00:00Z,E,W,W
MIL,DAL,L,2022-12-09T00:00:00Z,W,E,E
LAL,PHI,W,2022-12-09T00:00:00Z,E,W,E
DET,MEM,W,2022-12-09T00:00:00Z,W,E,W
DAL,CHI,W,2022-12-10T00:00:00Z,E,W,E
BOS,GSW,W,2022-12-10T00:00:00Z,W,E,W
OKC,CLE,W,2022-12-10T00:00:00Z,E,W,E
SAS,MIA,L,2022-12-10T00:00:00Z,E,W,W
LAC,WAS,L,2022-12-10T00:00:00Z,E,W,W
LAL,DET,L,2022-12-11T00:00:00Z,E,W,W
SAC,NYK,W,2022-12-11T00:00:00Z,E,W,E
MIL,HOU,W,2022-12-11T00:00:00Z,W,E,W
ATL,MEM,W,2022-12-12T00:00:00Z,W,E,W
CLE,SAS,W,2022-12-12T00:00:00Z,W,E,W
BOS,LAC,W,2022-12-12T00:00:00Z,W,E,W
BOS,LAL,L,2022-12-13T00:00:00Z,W,E,E
SAC,PHI,W,2022-12-13T00:00:00Z,E,W,E
GSW,MIL,W,2022-12-13T00:00:00Z,E,W,E
CLE,DAL,L,2022-12-14T00:00:00Z,W,E,E
MIA,OKC,L,2022-12-14T00:00:00Z,W,E,E
SAC,TOR,L,2022-12-14T00:00:00Z,E,W,W
WAS,DEN,W,2022-12-14T00:00:00Z,W,E,W
GSW,IND,W,2022-12-14T00:00:00Z,E,W,E
MIA,HOU,L,2022-12-15T00:00:00Z,W,E,E
MIL,MEM,W,2022-12-15T00:00:00Z,W,E,W
SAC,DET,L,2022-12-16T00:00:00Z,E,W,W
GSW,PHI,W,2022-12-16T00:00:00Z,E,W,E
WAS,LAC,W,2022-12-17T00:00:00Z,W,E,W
MIA,SAS,L,2022-12-17T00:00:00Z,W,E,E
DAL,CLE,W,2022-12-17T00:00:00Z,E,W,E
UTA,MIL,W,2022-12-17T00:00:00Z,E,W,E
CHI,MIN,W,2022-12-18T00:00:00Z,W,E,W
GSW,TOR,L,2022-12-18T00:00:00Z,E,W,W
WAS,LAL,W,2022-12-18T00:00:00Z,W,E,W
CHA,DEN,W,2022-12-18T00:00:00Z,W,E,W
MIL,NOP,L,2022-12-19T00:00:00Z,W,E,E
UTA,CLE,W,2022-12-19T00:00:00Z,E,W,E
CHA,SAC,L,2022-12-19T00:00:00Z,W,E,E
GSW,NYK,W,2022-12-20T00:00:00Z,E,W,E
WAS,PHX,L,2022-12-20T00:00:00Z,W,E,E
UTA,DET,L,2022-12-20T00:00:00Z,E,W,W
CHA,LAC,W,2022-12-21T00:00:00Z,W,E,W
ORL,HOU,L,2022-12-21T00:00:00Z,W,E,E
GSW,BKN,W,2022-12-21T00:00:00Z,E,W,E
WAS,UTA,W,2022-12-22T00:00:00Z,W,E,W
CHA,LAL,L,2022-12-23T00:00:00Z,W,E,E
WAS,SAC,L,2022-12-23T00:00:00Z,W,E,E
MIN,BOS,W,2022-12-23T00:00:00Z,E,W,E
LAC,PHI,W,2022-12-23T00:00:00Z,E,W,E
SAS,ORL,W,2022-12-23T00:00:00Z,E,W,E
CHA,POR,W,2022-12-26T00:00:00Z,W,E,W
MIN,MIA,W,2022-12-26T00:00:00Z,E,W,E
LAC,DET,L,2022-12-26T00:00:00Z,E,W,W
HOU,CHI,L,2022-12-26T00:00:00Z,E,W,W
IND,NOP,W,2022-12-26T00:00:00Z,W,E,W
LAC,TOR,L,2022-12-27T00:00:00Z,E,W,W
CHA,GSW,W,2022-12-27T00:00:00Z,W,E,W
LAL,ORL,L,2022-12-27T00:00:00Z,E,W,W
HOU,BOS,W,2022-12-27T00:00:00Z,E,W,E
NYK,DAL,W,2022-12-27T00:00:00Z,W,E,W
PHX,WAS,W,2022-12-28T00:00:00Z,E,W,E
LAL,MIA,W,2022-12-28T00:00:00Z,E,W,E
MEM,TOR,L,2022-12-29T00:00:00Z,E,W,W
LAC,BOS,W,2022-12-29T00:00:00Z,E,W,E
NYK,SAS,W,2022-12-29T00:00:00Z,W,E,W
OKC,CHA,W,2022-12-29T00:00:00Z,E,W,E
MIA,DEN,W,2022-12-30T00:00:00Z,W,E,W
MIN,MIL,W,2022-12-30T00:00:00Z,E,W,E
PHI,NOP,W,2022-12-30T00:00:00Z,W,E,W
PHX,TOR,W,2022-12-30T00:00:00Z,E,W,E
LAL,ATL,L,2022-12-30T00:00:00Z,E,W,W
LAC,IND,W,2022-12-31T00:00:00Z,E,W,E
MIA,UTA,L,2022-12-31T00:00:00Z,W,E,E
NYK,HOU,L,2022-12-31T00:00:00Z,W,E,E
PHI,OKC,L,2022-12-31T00:00:00Z,W,E,E
DET,MIN,L,2022-12-31T00:00:00Z,W,E,E
BOS,DEN,W,2023-01-01T00:00:00Z,W,E,W
ATL,GSW,W,2023-01-02T00:00:00Z,W,E,W
MIA,LAC,L,2023-01-02T00:00:00Z,W,E,E
SAS,BKN,W,2023-01-02T00:00:00Z,E,W,E
DET,POR,W,2023-01-02T00:00:00Z,W,E,W
PHX,NYK,W,2023-01-02T00:00:00Z,E,W,E
LAL,CHA,L,2023-01-02T00:00:00Z,E,W,W
NOP,PHI,W,2023-01-02T00:00:00Z,E,W,E
BOS,OKC,W,2023-01-03T00:00:00Z,W,E,W
OKC,ORL,W,2023-01-04T00:00:00Z,E,W,E
PHX,CLE,W,2023-01-04T00:00:00Z,E,W,E
MIA,LAL,W,2023-01-04T00:00:00Z,W,E,W
DET,GSW,L,2023-01-04T00:00:00Z,W,E,E
ATL,SAC,L,2023-01-04T00:00:00Z,W,E,E
MEM,CHA,L,2023-01-04T00:00:00Z,E,W,W
SAS,NYK,W,2023-01-04T00:00:00Z,E,W,E
BOS,DAL,L,2023-01-05T00:00:00Z,W,E,E
MEM,ORL,L,2023-01-05T00:00:00Z,E,W,W
DET,SAS,W,2023-01-06T00:00:00Z,W,E,W
ATL,LAL,W,2023-01-06T00:00:00Z,W,E,W
BKN,NOP,L,2023-01-06T00:00:00Z,W,E,E
POR,IND,W,2023-01-06T00:00:00Z,E,W,E
WAS,OKC,W,2023-01-06T00:00:00Z,W,E,W
CLE,DEN,W,2023-01-06T00:00:00Z,W,E,W
MIA,PHX,L,2023-01-06T00:00:00Z,W,E,E
UTA,CHI,W,2023-01-07T00:00:00Z,E,W,E
ORL,GSW,L,2023-01-07T00:00:00Z,W,E,E
BOS,SAS,L,2023-01-07T00:00:00Z,W,E,E
CLE,PHX,L,2023-01-08T00:00:00Z,W,E,E
ATL,LAC,L,2023-01-08T00:00:00Z,W,E,E
POR,TOR,W,2023-01-08T00:00:00Z,E,W,E
NOP,WAS,L,2023-01-09T00:00:00Z,E,W,W
ORL,SAC,W,2023-01-09T00:00:00Z,W,E,W
ORL,POR,L,2023-01-10T00:00:00Z,W,E,E
CLE,UTA,W,2023-01-10T00:00:00Z,W,E,W
OKC,MIA,W,2023-01-10T00:00:00Z,E,W,E
NOP,BOS,W,2023-01-11T00:00:00Z,E,W,E
MIN,DET,W,2023-01-11T00:00:00Z,E,W,E
CLE,POR,L,2023-01-12T00:00:00Z,W,E,E
OKC,PHI,L,2023-01-12T00:00:00Z,E,W,W
NOP,DET,L,2023-01-13T00:00:00Z,E,W,W
OKC,CHI,L,2023-01-13T00:00:00Z,E,W,W
ORL,UTA,W,2023-01-13T00:00:00Z,W,E,W
MEM,IND,L,2023-01-14T00:00:00Z,E,W,W
CLE,MIN,W,2023-01-14T00:00:00Z,W,E,W
PHI,UTA,L,2023-01-14T00:00:00Z,W,E,E
GSW,CHI,W,2023-01-15T00:00:00Z,E,W,E
PHI,LAL,L,2023-01-15T00:00:00Z,W,E,E
OKC,BKN,L,2023-01-15T00:00:00Z,E,W,W
ORL,DEN,W,2023-01-15T00:00:00Z,W,E,W
NOP,CLE,W,2023-01-16T00:00:00Z,E,W,E
GSW,WAS,L,2023-01-16T00:00:00Z,E,W,W
BKN,SAS,W,2023-01-17T00:00:00Z,W,E,W
PHI,LAC,L,2023-01-17T00:00:00Z,W,E,E
CLE,MEM,W,2023-01-18T00:00:00Z,W,E,W
ATL,DAL,L,2023-01-18T00:00:00Z,W,E,E
CHA,HOU,L,2023-01-18T00:00:00Z,W,E,E
MIA,NOP,L,2023-01-18T00:00:00Z,W,E,E
IND,OKC,W,2023-01-18T00:00:00Z,W,E,W
GSW,BOS,W,2023-01-19T00:00:00Z,E,W,E
TOR,MIN,W,2023-01-19T00:00:00Z,W,E,W
PHI,POR,L,2023-01-19T00:00:00Z,W,E,E
BKN,PHX,W,2023-01-19T00:00:00Z,W,E,W
GSW,CLE,L,2023-01-20T00:00:00Z,E,W,W
IND,DEN,W,2023-01-20T00:00:00Z,W,E,W
BKN,UTA,L,2023-01-20T00:00:00Z,W,E,E
MIA,DAL,W,2023-01-20T00:00:00Z,W,E,W
NOP,ORL,W,2023-01-20T00:00:00Z,E,W,E
PHI,SAC,L,2023-01-21T00:00:00Z,W,E,E
IND,PHX,W,2023-01-21T00:00:00Z,W,E,W
BKN,GSW,L,2023-01-22T00:00:00Z,W,E,E
NOP,MIA,W,2023-01-22T00:00:00Z,E,W,E
CHA,UTA,W,2023-01-23T00:00:00Z,W,E,W
CHA,PHX,W,2023-01-24T00:00:00Z,W,E,W
WAS,DAL,L,2023-01-24T00:00:00Z,W,E,E
ATL,OKC,L,2023-01-25T00:00:00Z,W,E,E
DEN,MIL,W,2023-01-25T00:00:00Z,E,W,E
WAS,HOU,L,2023-01-25T00:00:00Z,W,E,E
TOR,SAC,L,2023-01-25T00:00:00Z,W,E,E
CLE,HOU,L,2023-01-26T00:00:00Z,W,E,E
CLE,OKC,W,2023-01-27T00:00:00Z,W,E,W
TOR,GSW,W,2023-01-27T00:00:00Z,W,E,W
DEN,PHI,W,2023-01-28T00:00:00Z,E,W,E
WAS,NOP,L,2023-01-28T00:00:00Z,W,E,E
HOU,DET,L,2023-01-28T00:00:00Z,E,W,W
LAL,BOS,W,2023-01-28T00:00:00Z,E,W,E
LAC,ATL,L,2023-01-28T00:00:00Z,E,W,W
TOR,POR,L,2023-01-28T00:00:00Z,W,E,E
IND,MEM,W,2023-01-29T00:00:00Z,W,E,W
LAC,CLE,W,2023-01-29T00:00:00Z,E,W,E
NOP,MIL,W,2023-01-29T00:00:00Z,E,W,E
WAS,SAS,L,2023-01-30T00:00:00Z,W,E,E
DET,DAL,W,2023-01-30T00:00:00Z,W,E,W
TOR,PHX,W,2023-01-30T00:00:00Z,W,E,W
ATL,POR,W,2023-01-30T00:00:00Z,W,E,W
LAL,BKN,W,2023-01-30T00:00:00Z,E,W,E
LAL,NYK,L,2023-01-31T00:00:00Z,E,W,W
LAC,CHI,L,2023-01-31T00:00:00Z,E,W,W
TOR,UTA,W,2023-02-01T00:00:00Z,W,E,W
ATL,PHX,L,2023-02-01T00:00:00Z,W,E,E
MEM,CLE,W,2023-02-02T00:00:00Z,E,W,E
LAL,IND,L,2023-02-02T00:00:00Z,E,W,W
LAC,MIL,W,2023-02-02T00:00:00Z,E,W,E
ORL,MIN,L,2023-02-03T00:00:00Z,W,E,E
PHI,SAS,L,2023-02-03T00:00:00Z,W,E,E
TOR,HOU,L,2023-02-03T00:00:00Z,W,E,E
PHX,BOS,L,2023-02-03T00:00:00Z,E,W,W
POR,WAS,L,2023-02-03T00:00:00Z,E,W,W
SAC,IND,W,2023-02-03T00:00:00Z,E,W,E
ATL,UTA,L,2023-02-03T00:00:00Z,W,E,E
PHX,DET,L,2023-02-04T00:00:00Z,E,W,W
LAC,NYK,L,2023-02-04T00:00:00Z,E,W,W
POR,CHI,W,2023-02-04T00:00:00Z,E,W,E
ATL,DEN,W,2023-02-04T00:00:00Z,W,E,W
TOR,MEM,L,2023-02-05T00:00:00Z,W,E,E
MIL,POR,L,2023-02-06T00:00:00Z,W,E,E
LAC,BKN,L,2023-02-06T00:00:00Z,E,W,W
SAS,CHI,W,2023-02-06T00:00:00Z,E,W,E
ATL,NOP,W,2023-02-07T00:00:00Z,W,E,W
PHX,BKN,L,2023-02-07T00:00:00Z,E,W,W
CHI,MEM,W,2023-02-07T00:00:00Z,W,E,W
SAS,TOR,W,2023-02-08T00:00:00Z,E,W,E
DEN,ORL,W,2023-02-09T00:00:00Z,E,W,E
PHX,ATL,W,2023-02-09T00:00:00Z,E,W,E
MIL,LAL,L,2023-02-09T00:00:00Z,W,E,E
MIL,LAC,L,2023-02-10T00:00:00Z,W,E,E
SAS,DET,W,2023-02-10T00:00:00Z,E,W,E
CLE,NOP,L,2023-02-10T00:00:00Z,W,E,E
PHX,IND,L,2023-02-10T00:00:00Z,E,W,W
HOU,MIA,W,2023-02-10T00:00:00Z,E,W,E
UTA,TOR,L,2023-02-10T00:00:00Z,E,W,W
UTA,NYK,W,2023-02-11T00:00:00Z,E,W,E
SAS,ATL,W,2023-02-11T00:00:00Z,E,W,E
DEN,CHA,L,2023-02-11T00:00:00Z,E,W,W
MEM,BOS,W,2023-02-12T00:00:00Z,E,W,E
WAS,GSW,W,2023-02-13T00:00:00Z,W,E,W
SAS,CLE,W,2023-02-13T00:00:00Z,E,W,E
DEN,MIA,L,2023-02-13T00:00:00Z,E,W,W
UTA,IND,L,2023-02-13T00:00:00Z,E,W,W
HOU,PHI,W,2023-02-13T00:00:00Z,E,W,E
WAS,POR,L,2023-02-14T00:00:00Z,W,E,E
SAS,CHA,W,2023-02-15T00:00:00Z,E,W,E
WAS,MIN,L,2023-02-16T00:00:00Z,W,E,E
NOP,TOR,W,2023-02-23T00:00:00Z,E,W,E
MEM,PHI,W,2023-02-23T00:00:00Z,E,W,E
DEN,CLE,L,2023-02-23T00:00:00Z,E,W,W
CHA,MIN,L,2023-02-24T00:00:00Z,W,E,E
NOP,NYK,W,2023-02-25T00:00:00Z,E,W,E
PHX,MIL,W,2023-02-26T00:00:00Z,E,W,E
ORL,NOP,L,2023-02-27T00:00:00Z,W,E,E
IND,DAL,L,2023-02-28T00:00:00Z,W,E,E
PHX,CHA,L,2023-03-01T00:00:00Z,E,W,W
IND,SAS,W,2023-03-02T00:00:00Z,W,E,W
PHI,DAL,W,2023-03-02T00:00:00Z,W,E,W
PHX,CHI,L,2023-03-03T00:00:00Z,E,W,W
POR,ATL,W,2023-03-03T00:00:00Z,E,W,E
POR,ORL,L,2023-03-05T00:00:00Z,E,W,W
TOR,DEN,W,2023-03-06T00:00:00Z,W,E,W
POR,DET,L,2023-03-06T00:00:00Z,E,W,W
PHI,MIN,L,2023-03-07T00:00:00Z,W,E,E
BKN,HOU,L,2023-03-07T00:00:00Z,W,E,E
CHI,DEN,L,2023-03-08T00:00:00Z,W,E,E
POR,BOS,W,2023-03-08T00:00:00Z,E,W,E
TOR,LAC,W,2023-03-08T00:00:00Z,W,E,W
UTA,ORL,L,2023-03-09T00:00:00Z,E,W,W
HOU,IND,W,2023-03-09T00:00:00Z,E,W,E
NYK,SAC,W,2023-03-09T00:00:00Z,W,E,W
BKN,MIN,L,2023-03-10T00:00:00Z,W,E,E
POR,PHI,W,2023-03-10T00:00:00Z,E,W,E
TOR,LAL,W,2023-03-10T00:00:00Z,W,E,W
NYK,LAC,W,2023-03-11T00:00:00Z,W,E,W
UTA,CHA,L,2023-03-11T00:00:00Z,E,W,W
CHI,HOU,L,2023-03-11T00:00:00Z,W,E,E
MIL,GSW,W,2023-03-11T00:00:00Z,W,E,W
BKN,DEN,L,2023-03-12T00:00:00Z,W,E,E
NYK,LAL,L,2023-03-12T00:00:00Z,W,E,E
MIL,SAC,L,2023-03-13T00:00:00Z,W,E,E
BOS,HOU,W,2023-03-13T00:00:00Z,W,E,W
UTA,MIA,W,2023-03-13T00:00:00Z,E,W,E
MIN,ATL,L,2023-03-13T00:00:00Z,E,W,W
MIL,PHX,L,2023-03-14T00:00:00Z,W,E,E
NYK,POR,L,2023-03-14T00:00:00Z,W,E,E
DEN,TOR,W,2023-03-14T00:00:00Z,E,W,E
ORL,SAS,W,2023-03-14T00:00:00Z,W,E,W
BKN,OKC,W,2023-03-14T00:00:00Z,W,E,W
MEM,MIA,W,2023-03-15T00:00:00Z,E,W,E
SAC,CHI,L,2023-03-15T00:00:00Z,E,W,W
BOS,MIN,L,2023-03-15T00:00:00Z,W,E,E
ORL,PHX,W,2023-03-16T00:00:00Z,W,E,W
DEN,DET,L,2023-03-16T00:00:00Z,E,W,W
SAC,BKN,L,2023-03-16T00:00:00Z,E,W,W
OKC,TOR,W,2023-03-16T00:00:00Z,E,W,E
BOS,POR,L,2023-03-17T00:00:00Z,W,E,E
MIN,CHI,W,2023-03-17T00:00:00Z,E,W,E
GSW,ATL,W,2023-03-17T00:00:00Z,E,W,E
DEN,NYK,W,2023-03-18T00:00:00Z,E,W,E
ORL,LAC,L,2023-03-18T00:00:00Z,W,E,E
MIN,TOR,W,2023-03-18T00:00:00Z,E,W,E
SAC,WAS,L,2023-03-18T00:00:00Z,E,W,W
BOS,UTA,W,2023-03-18T00:00:00Z,W,E,W
DEN,BKN,L,2023-03-19T00:00:00Z,E,W,W
ATL,SAS,W,2023-03-19T00:00:00Z,W,E,W
ORL,LAL,W,2023-03-19T00:00:00Z,W,E,W
MIN,NYK,L,2023-03-20T00:00:00Z,E,W,W
BOS,SAC,L,2023-03-21T00:00:00Z,W,E,E
ATL,MIN,W,2023-03-22T00:00:00Z,W,E,W
SAS,MIL,W,2023-03-22T00:00:00Z,E,W,E
DEN,WAS,L,2023-03-22T00:00:00Z,E,W,W
CHA,NOP,W,2023-03-23T00:00:00Z,W,E,W
PHI,GSW,W,2023-03-24T00:00:00Z,W,E,W
CHI,POR,L,2023-03-24T00:00:00Z,W,E,E
SAS,WAS,W,2023-03-24T00:00:00Z,E,W,E
MIL,UTA,L,2023-03-24T00:00:00Z,W,E,E
CHA,DAL,L,2023-03-24T00:00:00Z,W,E,E
MIL,DEN,W,2023-03-25T00:00:00Z,W,E,W
PHI,PHX,W,2023-03-25T00:00:00Z,W,E,W
MEM,ATL,L,2023-03-26T00:00:00Z,E,W,W
HOU,CLE,W,2023-03-26T00:00:00Z,E,W,E
CHI,LAL,L,2023-03-26T00:00:00Z,W,E,E
DAL,CHA,W,2023-03-26T00:00:00Z,E,W,E
SAS,BOS,W,2023-03-26T00:00:00Z,E,W,E
DAL,IND,L,2023-03-27T00:00:00Z,E,W,W
CHI,LAC,W,2023-03-27T00:00:00Z,W,E,W
HOU,NYK,W,2023-03-27T00:00:00Z,E,W,E
PHI,DEN,W,2023-03-27T00:00:00Z,W,E,W
CHA,OKC,L,2023-03-28T00:00:00Z,W,E,E
ORL,MEM,W,2023-03-28T00:00:00Z,W,E,W
DAL,PHI,W,2023-03-29T00:00:00Z,E,W,E
HOU,BKN,W,2023-03-29T00:00:00Z,E,W,E
LAL,CHI,L,2023-03-29T00:00:00Z,E,W,W
DET,OKC,W,2023-03-29T00:00:00Z,W,E,W
DET,HOU,W,2023-03-31T00:00:00Z,W,E,W
UTA,BOS,W,2023-03-31T00:00:00Z,E,W,E
OKC,IND,W,2023-03-31T00:00:00Z,E,W,E
DAL,MIA,W,2023-04-01T00:00:00Z,E,W,E
UTA,BKN,W,2023-04-02T00:00:00Z,E,W,E
DAL,ATL,W,2023-04-02T00:00:00Z,E,W,E
MEM,CHI,W,2023-04-02T00:00:00Z,E,W,E
MIN,BKN,L,2023-04-04T00:00:00Z,E,W,W
CHI,DAL,L,2023-04-07T00:00:00Z,W,E,E
NYK,NOP,W,2023-04-07T00:00:00Z,W,E,W
MEM,MIL,L,2023-04-07T00:00:00Z,E,W,W
HOU,CHA,L,2023-04-07T00:00:00Z,E,W,W
HOU,WAS,L,2023-04-09T00:00:00Z,E,W,W
